,arousal,valence
2rPE9A1vEgShuZxxzR2tZH,0.5299162219212374,0.6048126453017237
5p7ujcrUXASCNwRaWNHR1C,0.5271214186296853,0.5591995976660423
1A6OTy97kk0mMdm78rHsm8,0.512403134573967,0.5661718568595234
